Pokemon,Description
Marshadow,"It sinks into the shadows of people and Pokémon, where it can understand their feelings and copy their capabilities."
Nihilego,"One of the Ultra Beasts. It’s unclear whether or not this Pokémon is sentient, but sometimes it can be observed behaving like a young girl."
Solgaleo,"This Pokémon is said to be a male evolution of Cosmog. At the activation of its third eye, it departs for another world."
Lunala,"Said to live in another world, this Pokémon devours light, drawing the moonless dark veil of night over the brightness of day."
Tapu-bulu,The guardian deity of Ula’ula is a lazy Pokémon. It commands plants to immobilize its foes and then deals them a savage blow with its horns.
Drampa,This Pokémon is friendly to people and loves children most of all. It comes from deep in the mountains to play with children it likes in town.
Pyukumuku,These Pokémon line the beaches. The sticky mucous that covers their bodies can be used to soothe sunburned skin. How convenient!
Comfey,"Baths prepared with the flowers from its vine have a relaxing effect, so this Pokémon is a hit with many people."
Oranguru,"Deep in the jungle, high in the lofty canopy, this Pokémon abides. On rare occasions, it shows up at the beach to match wits with Slowking."
Tsareena,"A Pokémon known for the beauty of its well-shaped legs, it sometimes appears as a mascot in advertisements for beauty salons."
Steenee,This Pokémon is always bouncing around energetically. Other Pokémon are attracted by its lively appearance and pleasant aroma.
Bewear,This Pokémon has the habit of hugging its companions. Many Trainers have left this world after their spines were squashed by its hug.
Stufful,A touch from anyone except a known friend sends it into a surging frenzy. It’s an incredibly dangerous Pokémon.
Salandit,"Volcanoes or dry, craggy places are its home. It emanates a sweet-smelling poisonous gas that attracts bug Pokémon, then attacks them."
Shiinotic,"It emits flickering spores that cause drowsiness. When its prey succumb to sleep, this Pokémon feeds on them by sucking in their energy."
Araquanid,"Despite what its appearance suggests, it cares for others. If it finds vulnerable, weak Pokémon, it protectively brings them into its water bubble."
Dewpider,"When it comes across enemies or potential prey, this Pokémon smashes its water-bubble-covered head into them."
Rockruff,This Pokémon has lived with people since times long ago. It can sense when its Trainer is in the dumps and will stick close by its Trainer’s side.
Mareanie,It’s found crawling on beaches and seafloors. The coral that grows on Corsola’s head is as good as a five-star banquet to this Pokémon.
Vikavolt,It produces electricity via an electrical organ in its abdomen. It overwhelms bird Pokémon with shocking beams of electrical energy.
Grubbin,They often gather near places frequented by electric Pokémon in order to avoid being attacked by bird Pokémon.
Gumshoos,"It adores having Rattata and Raticate for dinner, but as it’s diurnal, it never encounters them. This Pokémon boasts incredible patience."
Pikipek,"This Pokémon feeds on berries, whose leftover seeds become the ammunition for the attacks it fires off from its mouth."
Primarina,Its singing voice is its chief weapon in battle. This Pokémon’s Trainer must prioritize the daily maintenance of its throat at all costs.
Popplio,This Pokémon can control water bubbles. It practices diligently so it can learn to make big bubbles.
Trevenant,"Using its roots as a nervous system, it controls the trees in the forest. It’s kind to the Pokémon that reside in its body."
Amaura,This calm Pokémon lived in a cold land where there were no violent predators like Tyrantrum.
Tyrantrum,"Nothing could stop this Pokémon 100 million years ago, so it behaved like a king."
Furfrou,"Historically, in the Kalos region, these Pokémon were the designated guardians of the king."
Litleo,They set off on their own from their pride and live by themselves to become stronger. These hot-blooded Pokémon are quick to fight.
Vivillon,The patterns on this Pokémon’s wings depend on the climate and topography of its habitat. It scatters colorful scales.
Spewpa,"The beaks of bird Pokémon can’t begin to scratch its stalwart body. To defend itself, it spews powder."
Genesect,This Pokémon existed 300 million years ago. Team Plasma altered it and attached a cannon to its back.
Virizion,Legends say this Pokémon confounded opponents with its swift movements.
Terrakion,"Spoken of in legend, this Pokémon used its phenomenal power to destroy a castle in its effort to protect Pokémon."
Cobalion,It has a body and heart of steel. It worked with its allies to punish people when they hurt Pokémon.
Hydreigon,"It responds to movement by attacking. This scary, three-headed Pokémon devours everything in its path!"
Mandibuzz,"Watching from the sky, they swoop to strike weakened Pokémon on the ground. They decorate themselves with bones."
Golett,Ancient science fashioned this Pokémon from clay. It’s been active for thousands of years.
Haxorus,Their sturdy tusks will stay sharp even if used to cut steel beams. These Pokémon are covered in hard armor.
Litwick,"Litwick shines a light that absorbs the life energy of people and Pokémon, which becomes the fuel that it burns."
Eelektrik,"These Pokémon have a big appetite. When they spot their prey, they attack it and paralyze it with electricity."
Joltik,"They attach themselves to large-bodied Pokémon and absorb static electricity, which they store in an electric pouch."
Alomomola,It gently holds injured and weak Pokémon in its fins. Its special membrane heals their wounds.
Foongus,"It lures Pokémon with its pattern that looks just like a Poké Ball, then releases poison spores."
Escavalier,These Pokémon evolve by wearing the shell covering of a Shelmet. The steel armor protects their whole body.
Deerling,The turning of the seasons changes the color and scent of this Pokémon’s fur. People use it to mark the seasons.
Vanillish,"Snowy mountains are this Pokémon’s habitat. During an ancient ice age, they moved to southern areas."
Vanillite,This Pokémon formed from icicles bathed in energy from the morning sun. It sleeps buried in snow.
Gothita,"They intently observe both Trainers and Pokémon. Apparently, they are looking at something that only Gothita can see."
Minccino,"These Pokémon prefer a tidy habitat. They are always sweeping and dusting, using their tails as brooms."
Zorua,"To protect themselves from danger, they hide their true identities by transforming into people and Pokémon."
Archen,"Said to be an ancestor of bird Pokémon, they were unable to fly and moved about by hopping from one branch to another."
Tirtouga,"Restored from a fossil, this Pokémon can dive to depths beyond half a mile."
Lilligant,Even veteran Trainers face a challenge in getting its beautiful flower to bloom. This Pokémon is popular with celebrities.
Venipede,"Its bite injects a potent poison, enough to paralyze large bird Pokémon that try to prey on it."
Sewaddle,"Since this Pokémon makes its own clothes out of leaves, it is a popular mascot for fashion designers."
Gurdurr,This Pokémon is so muscular and strongly built that even a group of wrestlers could not make it budge an inch.
Pidove,These Pokémon live in cities. They are accustomed to people. Flocks often gather in parks and plazas.
Munna,"It eats the dreams of people and Pokémon. When it eats a pleasant dream, it expels pink-colored mist."
Pansear,This Pokémon lives in caves in volcanoes. The fire within the tuft on its head can reach 600 degrees Fahrenheit.
Lillipup,"Though it is a very brave Pokémon, it’s also smart enough to check its foe’s strength and avoid battle."
Arceus,It is told in mythology that this Pokémon was born before the universe even existed.
Manaphy,It starts its life with a wondrous power that permits it to bond with any kind of Pokémon.
Regigigas,There is an enduring legend that states this Pokémon towed continents with ropes.
Yanmega,This six-legged Pokémon is easily capable of transporting an adult in flight. The wings on its tail help it stay balanced.
Mime-jr,"It habitually mimics foes. Once mimicked, the foe cannot take its eyes off this Pokémon."
Drifloon,These Pokémon are called the “Signpost for Wandering Spirits.” Children holding them sometimes vanish.
Bastiodon,Any frontal attack is repulsed. It is a docile Pokémon that feeds on grass and berries.
Starly,"They flock around mountains and fields, chasing after bug Pokémon. Their singing is noisy and annoying."
Torterra,Small Pokémon occasionally gather on its unmoving back to begin building their nests.
Grotle,It knows where pure water wells up. It carries fellow Pokémon there on its back.
Latios,Latios will only open its heart to a Trainer with a compassionate spirit. This Pokémon can fly faster than a jet plane by folding its forelegs to minimize air resistance.
Latias,Latias is highly intelligent and capable of understanding human speech. It is covered with a glass-like down. The Pokémon enfolds its body with its down and refracts light to alter its appearance.
Regice,"Regice cloaks itself with frigid air of -328 degrees Fahrenheit. Things will freeze solid just by going near this Pokémon. Its icy body is so cold, it will not melt even if it is immersed in magma."
Metagross,"Metagross is the result of two Metang achieving fusion. When hunting, this Pokémon pins the prey to the ground under its massive body. It then eats the helpless victim using the large mouth on its stomach."
Metang,"When two Beldum fuse together, Metang is formed. The brains of the Beldum are joined by a magnetic nervous system. This Pokémon turns its arms to the rear for traveling at high speed."
Beldum,"Beldum keeps itself floating by generating a magnetic force that repels earth’s natural magnetism. When it sleeps, this Pokémon anchors itself to a cliff using the hooks on its rear."
Salamence,"By evolving into Salamence, this Pokémon finally realizes its long-held dream of growing wings. To express its joy, it flies and wheels all over the sky while spouting flames from its mouth."
Shelgon,"Covering Shelgon’s body are outgrowths much like bones. The shell is very hard and bounces off enemy attacks. When awaiting evolution, this Pokémon hides away in a cavern."
Bagon,"Bagon harbors a never-ending dream of one day soaring high among the clouds. As if trying to dispel its frustration over its inability to fly, this Pokémon slams its hard head against huge rocks and shatters them into pebbles."
Luvdisc,Luvdisc’s heart-shaped body is a symbol of love and romance. It is said that any couple meeting this Pokémon is promised a loving relationship that never ends.
Relicanth,Relicanth is a rare species that was discovered in deep-sea explorations. This Pokémon’s body withstands the enormous water pressure of the ocean depths. Its body is covered in tough scales that are like craggy rocks.
Gorebyss,"Although Gorebyss is the very picture of elegance and beauty while swimming, it is also cruel. When it spots prey, this Pokémon inserts its thin mouth into the prey’s body and drains the prey of its body fluids."
Clamperl,"Clamperl grows while being protected by its rock-hard shell. When its body becomes too large to fit inside the shell, it is sure evidence that this Pokémon is getting close to evolution."
Huntail,"Huntail’s tail is shaped like a fish. It uses the tail to attract prey, then swallows the prey whole with its large, gaping mouth. This Pokémon swims by wiggling its slender body like a snake."
Sealeo,"Sealeo often balances and rolls things on the tip of its nose. While the Pokémon is rolling something, it checks the object’s aroma and texture to determine whether it likes the object or not."
Spheal,"Spheal always travels by rolling around on its ball-like body. When the season for ice floes arrives, this Pokémon can be seen rolling about on ice and crossing the sea."
Snorunt,Snorunt survives by eating only snow and ice. Old folklore claims that a house visited by this Pokémon is sure to prosper for many generations to come.
Glalie,"Glalie has the ability to freely control ice. For example, it can instantly freeze its prey solid. After immobilizing its prey in ice, this Pokémon enjoys eating it in leisurely fashion."
Wynaut,"Wynaut gather on moonlit nights to play by squeezing up against each other. By being squeezed, this Pokémon gains endurance and is trained to dole out powerful counterattacks."
Absol,"Absol has the ability to foretell the coming of natural disasters. It lives in a harsh, rugged mountain environment. This Pokémon very rarely ventures down from the mountains."
Tropius,Children of the southern tropics eat as snacks the fruit that grows in bunches around the neck of Tropius. This Pokémon flies by flapping the leaves on its back as if they were wings.
Chimecho,"In high winds, Chimecho cries as it hangs from a tree branch or the eaves of a building using a suction cup on its head. This Pokémon plucks berries with its long tail and eats them."
Dusclops,"Dusclops absorbs anything, however large the object may be. This Pokémon hypnotizes its foe by waving its hands in a macabre manner and by bringing its single eye to bear. The hypnotized foe is made to do Dusclops’s bidding."
Banette,"A cursed energy permeated the stuffing of a discarded and forgotten plush doll, giving it new life as Banette. The Pokémon’s energy would escape if it were to ever open its mouth."
Duskull,Duskull wanders lost among the deep darkness of midnight. There is an oft-told admonishment given to misbehaving children that this Pokémon will spirit away bad children who earn scoldings from their mothers.
Castform,"Castform borrows the power of nature to transform itself into the guises of the sun, rain, and snow-clouds. This Pokémon’s feelings change with the weather."
Milotic,"Milotic live at the bottom of large lakes. When this Pokémon’s body glows a vivid pink, it releases a pulsing wave of energy that brings soothing calm to troubled hearts."
Armaldo,"Armaldo is a Pokémon species that became extinct in prehistoric times. This Pokémon is said to have walked on its hind legs, which would have been more convenient for life on land."
Feebas,"While Feebas’s body is in tatters, it has a hardy and tenacious life force that enables it to live anywhere. However, this Pokémon is also slow and dimwitted, making it an easy catch."
Cradily,"Cradily’s body serves as an anchor, preventing it from being washed away in rough seas. This Pokémon secretes a strong digestive fluid from its tentacles."
Anorith,"Anorith is said to be a type of Pokémon predecessor, with eight wings at the sides of its body. This Pokémon swam in the primordial sea by undulating these eight wings."
Lileep,"Lileep is an ancient Pokémon that was regenerated from a fossil. It remains permanently anchored to a rock. From its immobile perch, this Pokémon intently scans for prey with its two eyes."
Claydol,"Claydol is an enigma that appeared from a clay statue made by an ancient civilization dating back 20,000 years. This Pokémon shoots beams from both its hands."
Baltoy,"As soon as it spots others of its kind, Baltoy congregates with them and then begins crying noisily in unison. This Pokémon sleeps while cleverly balancing itself on its one foot."
Crawdaunt,"Crawdaunt molts (sheds) its shell regularly. Immediately after molting, its shell is soft and tender. Until the shell hardens, this Pokémon hides in its streambed burrow to avoid attack from its foes."
Corphish,Corphish catches prey with its sharp claws. It has no likes or dislikes when it comes to food—it will eat anything. This Pokémon has no trouble living in filthy water.
Whiscash,"If Whiscash goes on a wild rampage, it sets off a quake-like tremor with a radius of over three miles. This Pokémon has the ability to predict real earthquakes."
Solrock,Sunlight is the source of Solrock’s power. It is said to possess the ability to read the emotions of others. This Pokémon gives off intense heat while rotating its body.
Lunatone,"Lunatone becomes active around the time of the full moon. Instead of walking, it moves by floating in midair. The Pokémon’s intimidating red eyes cause all those who see it to become transfixed with fear."
Seviper,Seviper’s swordlike tail serves two purposes—it slashes foes and douses them with secreted poison. This Pokémon will not give up its long-running blood feud with Zangoose.
Altaria,Altaria sings in a gorgeous soprano. Its wings are like cotton clouds. This Pokémon catches updrafts with its buoyant wings and soars way up into the wild blue yonder.
Cacturne,"If a traveler is going through a desert in the thick of night, Cacturne will follow in a ragtag group. The Pokémon are biding their time, waiting for the traveler to tire and become incapable of moving."
Swablu,"Swablu loves to make things clean. If it spots something dirty, it will wipe and polish it with its cottony wings. If its wings become dirty, this Pokémon finds a stream and showers itself."
Cacnea,"The more arid and harsh the environment, the more pretty and fragrant a flower Cacnea grows. This Pokémon battles by wildly swinging its thorny arms."
Flygon,"Flygon whips up a sandstorm by flapping its wings. The wings create a series of notes that sound like singing. Because the “singing” is the only thing that can be heard in a sandstorm, this Pokémon is said to be the desert spirit."
Spinda,No two Spinda are said to have identical spot patterns on their hides. This Pokémon moves in a curious manner as if it is stumbling in dizziness. Its lurching movements can cause the opponent to become confused.
Trapinch,Trapinch is a patient hunter. It digs an inescapable pit in a desert and waits for its prey to come tumbling down. This Pokémon can go a whole week without access to any water.
Grumpig,"Grumpig uses the black pearls on its body to wield its fantastic powers. When it is doing so, it dances bizarrely. This Pokémon’s black pearls are valuable as works of art."
Spoink,Spoink keeps a pearl on top of its head. The pearl functions to amplify this Pokémon’s psychokinetic powers. It is therefore on a constant search for a bigger pearl.
Camerupt,The humps on Camerupt’s back are formed by a transformation of its bones. They sometimes blast out molten magma. This Pokémon apparently erupts often when it is enraged.
Torkoal,"Torkoal generates energy by burning coal. It grows weaker as the fire dies down. When it is preparing for battle, this Pokémon burns more coal."
Numel,"Numel stores magma of almost 2,200 degrees Fahrenheit within its body. If it gets wet, the magma cools and hardens. In that event, the Pokémon’s body grows heavy and its movements become sluggish."
Wailmer,"Wailmer can store water inside its body to transform itself into a ball for bouncing around on the ground. By filling itself up with more water, this Pokémon can elevate the height of its bounces."
Wailord,"When chasing prey, Wailord herds them by leaping out of the water and making a humongous splash. It is breathtaking to see this Pokémon leaping out of the sea with others in its pod."
Sharpedo,Sharpedo can swim at speeds of up to 75 mph by jetting seawater out of its backside. This Pokémon’s drawback is its inability to swim long distances.
Carvanha,"If anything invades Carvanha’s territory, it will swarm and tear at the intruder with its pointed fangs. On its own, however, this Pokémon turns suddenly timid."
Swalot,"Swalot has no teeth, so what it eats, it swallows whole, no matter what. Its cavernous mouth yawns widely. An automobile tire could easily fit inside this Pokémon’s mouth."
Gulpin,Most of Gulpin’s body is made up of its stomach—its heart and brain are very small in comparison. This Pokémon’s stomach contains special enzymes that dissolve anything.
Illumise,Illumise leads a flight of illuminated Volbeat to draw signs in the night sky. This Pokémon is said to earn greater respect from its peers by composing more complex designs in the sky.
Roselia,"On extremely rare occasions, a Roselia is said to appear with its flowers in unusual colors. The thorns on this Pokémon’s head contain a vicious poison."
Volbeat,"Volbeat’s tail glows like a lightbulb. With other Volbeat, it uses its tail to draw geometric shapes in the night sky. This Pokémon loves the sweet aroma given off by Illumise."
Minun,"Minun loves to cheer on its partner in battle. It gives off sparks from its body while it is doing so. If its partner is in trouble, this Pokémon gives off increasing amounts of sparks."
Plusle,"When Plusle is cheering on its partner, it flashes with electric sparks from all over its body. If its partner loses, this Pokémon cries loudly."
Manectric,Manectric discharges strong electricity from its mane. The mane is used for collecting electricity in the atmosphere. This Pokémon creates thunderclouds above its head.
Medicham,"Through the power of meditation, Medicham developed its sixth sense. It gained the ability to use psychokinetic powers. This Pokémon is known to meditate for a whole month without eating."
Electrike,"Electrike runs faster than the human eye can follow. The friction from running is converted into electricity, which is then stored in this Pokémon’s fur."
Meditite,Meditite heightens its inner energy through meditation. It survives on just one berry a day. Minimal eating is another aspect of this Pokémon’s training.
Aggron,"Aggron is protective of its environment. If its mountain is ravaged by a landslide or a fire, this Pokémon will haul topsoil to the area, plant trees, and beautifully restore its own territory."
Lairon,"Lairon feeds on iron contained in rocks and water. It makes its nest on mountains where iron ore is buried. As a result, the Pokémon often clashes with humans mining the iron ore."
Aron,"Aron has a body of steel. With one all-out charge, this Pokémon can demolish even a heavy dump truck. The destroyed dump truck then becomes a handy meal for the Pokémon."
Sableye,Sableye digs the ground with sharpened claws to find rocks that it eats. Substances in the eaten rocks crystallize and rise up to the Pokémon’s body surface.
Mawile,"Don’t be taken in by this Pokémon’s cute face—it’s very dangerous. Mawile fools the foe into letting down its guard, then chomps down with its massive jaws. The steel jaws are really horns that have been transformed."
Delcatty,"Delcatty sleeps anywhere it wants without keeping a permanent nest. If other Pokémon approach it as it sleeps, this Pokémon will never fight—it will just move away somewhere else."
Skitty,"Skitty is known to chase around playfully after its own tail. In the wild, this Pokémon lives in holes in the trees of forests. It is very popular as a pet because of its adorable looks."
Nosepass,"Nosepass had been said to be completely unmoving, with its magnetic nose pointed due north. However, close observation has revealed that the Pokémon actually moves by a little over 3/8 of an inch every year."
Azurill,"Azurill’s tail is large and bouncy. It is packed full of the nutrients this Pokémon needs to grow. Azurill can be seen bouncing and playing on its big, rubbery tail."
Makuhita,"Makuhita has a tireless spirit—it will never give up hope. It eats a lot of food, gets plenty of sleep, and it trains very rigorously. By living that way, this Pokémon packs its body with energy."
Hariyama,"Hariyama’s thick body may appear fat, but it is actually a hunk of solid muscle. If this Pokémon bears down and tightens all its muscles, its body becomes as hard as a rock."
Exploud,Exploud communicates its feelings to the others by emitting whistle-like sounds from the tubes on its body. This Pokémon only raises its voice when it is in battle.
Loudred,"Loudred shouts while stamping its feet. After it finishes shouting, this Pokémon becomes incapable of hearing anything for a while. This is considered to be a weak point."
Whismur,"Whismur is very timid. If it starts to cry loudly, it becomes startled by its own crying and cries even harder. When it finally stops crying, the Pokémon goes to sleep, all tired out."
Shedinja,Shedinja is a peculiar Pokémon. It seems to appear unsought in a Poké Ball after a Nincada evolves. This bizarre Pokémon is entirely immobile—it doesn’t even breathe.
Nincada,Nincada lives underground. It uses its sharp claws to carve the roots of trees and absorb moisture and nutrients. This Pokémon can’t withstand bright sunlight so avoids it.
Ninjask,"If Ninjask is not trained properly, it will refuse to obey the Trainer and cry loudly continuously. Because of this quality, this Pokémon is said to be one that puts the Trainer’s abilities to the test."
Slaking,"Wherever Slaking live, rings of over a yard in diameter appear in grassy fields. They are made by the Pokémon as it eats all the grass within reach while lying prone on the ground."
Vigoroth,"Vigoroth is simply incapable of remaining still. Even when it tries to sleep, the blood in its veins grows agitated, compelling this Pokémon to run wild throughout the jungle before it can settle down."
Breloom,The seeds ringing Breloom’s tail are made of hardened toxic spores. It is horrible to eat the seeds. Just taking a bite of this Pokémon’s seed will cause your stomach to rumble.
Slakoth,"Slakoth’s heart beats just once a minute. Whatever happens, it is content to loaf around motionless. It is rare to see this Pokémon in motion."
Shroomish,"If Shroomish senses danger, it shakes its body and scatters spores from the top of its head. This Pokémon’s spores are so toxic, they make trees and weeds wilt."
Surskit,"If Surskit senses danger, it secretes a thick, sugary syrup from the tip of its head. There are some Pokémon that love eating this syrup."
Gardevoir,Gardevoir has the psychokinetic power to distort the dimensions and create a small black hole. This Pokémon will try to protect its Trainer even at the risk of its own life.
Kirlia,"Kirlia uses the horns on its head to amplify its psychokinetic power. When the Pokémon uses its power, the air around it becomes distorted, creating mirages of nonexistent scenery."
Ralts,"Ralts has the ability to sense the emotions of people. If its Trainer is in a cheerful mood, this Pokémon grows cheerful and joyous in the same way."
Pelipper,"Pelipper searches for food while in flight by skimming the wave tops. This Pokémon dips its large bill in the sea to scoop up food, then swallows everything in one big gulp."
Wingull,Wingull rides updrafts rising from the sea by extending its long and narrow wings to glide. This Pokémon’s long beak is useful for catching prey.
Taillow,"Taillow is young—it has only just left its nest. As a result, it sometimes becomes lonesome and cries at night. This Pokémon feeds on Wurmple that live in forests."
Shiftry,Shiftry’s large fans generate awesome gusts of wind at a speed close to 100 feet per second. The whipped-up wind blows anything away. This Pokémon chooses to live quietly deep in forests.
Nuzleaf,This Pokémon pulls out the leaf on its head and makes a flute with it. The sound of Nuzleaf’s flute strikes fear and uncertainty in the hearts of people lost in a forest.
Seedot,Seedot looks exactly like an acorn when it is dangling from a tree branch. It startles other Pokémon by suddenly moving. This Pokémon polishes its body once a day using leaves.
Ludicolo,"Upon hearing an upbeat and cheerful rhythm, the cells in Ludicolo’s body become very energetic and active. Even in battle, this Pokémon will exhibit an amazing amount of power."
Lombre,"Lombre’s entire body is covered by a slippery, slimy film. It feels horribly unpleasant to be touched by this Pokémon’s hands. Lombre is often mistaken for a human child."
Dustox,"When Dustox flaps its wings, a fine dust is scattered all over. This dust is actually a powerful poison that will even make a pro wrestler sick. This Pokémon searches for food using its antennae like radar."
Lotad,"Lotad is said to have dwelled on land before. However, this Pokémon is thought to have returned to water because the leaf on its head grew large and heavy. It now lives by floating atop the water."
Cascoon,"If it is attacked, Cascoon remains motionless however badly it may be hurt. It does so because if it were to move, its body would be weak upon evolution. This Pokémon will also not forget the pain it endured."
Silcoon,"Silcoon was thought to endure hunger and not consume anything before its evolution. However, it is now thought that this Pokémon slakes its thirst by drinking rainwater that collects on its silk."
Beautifly,"Beautifly has a long mouth like a coiled needle, which is very convenient for collecting pollen from flowers. This Pokémon rides the spring winds as it flits around gathering pollen."
Wurmple,Wurmple is targeted by Swellow as prey. This Pokémon will try to resist by pointing the spikes on its rear at the attacking predator. It will weaken the foe by leaking poison from the spikes.
Linoone,"When hunting, Linoone will make a beeline straight for the prey at a full run. While this Pokémon is capable of topping 60 mph, it has to come to a screeching halt before it can turn."
Zigzagoon,The hair on Zigzagoon’s back is bristly. It rubs the hard back hair against trees to leave its territorial markings. This Pokémon may play dead to fool foes in battle.
Mightyena,Mightyena travel and act as a pack in the wild. The memory of its life in the wild compels the Pokémon to obey only those Trainers that it recognizes to possess superior skill.
Poochyena,Poochyena is an omnivore—it will eat anything. A distinguishing feature is how large its fangs are compared to its body. This Pokémon tries to intimidate its foes by making the hair on its tail bristle out.
Marshtomp,"Marshtomp is much faster at traveling through mud than it is at swimming. This Pokémon’s hindquarters exhibit obvious development, giving it the ability to walk on just its hind legs."
Mudkip,"In water, Mudkip breathes using the gills on its cheeks. If it is faced with a tight situation in battle, this Pokémon will unleash its amazing power—it can crush rocks bigger than itself."
Blaziken,Blaziken has incredibly strong legs—it can easily clear a 30-story building in one leap. This Pokémon’s blazing punches leave its foes scorched and blackened.
Torchic,Torchic has a place inside its body where it keeps its flame. Give it a hug—it will be glowing with warmth. This Pokémon is covered all over by a fluffy coat of down.
Combusken,Combusken battles with the intensely hot flames it spews from its beak and with outstandingly destructive kicks. This Pokémon’s cry is very loud and distracting.
Sceptile,Sceptile has seeds growing on its back. They are said to be bursting with nutrients that revitalize trees. This Pokémon raises the trees in a forest with loving care.
Grovyle,"This Pokémon adeptly flies from branch to branch in trees. In a forest, no Pokémon can ever hope to catch a fleeing Grovyle however fast they may be."
Celebi,"This Pokémon came from the future by crossing over time. It is thought that so long as Celebi appears, a bright and shining future awaits us."
Treecko,"Treecko is cool, calm, and collected—it never panics under any situation. If a bigger foe were to glare at this Pokémon, it would glare right back without conceding an inch of ground."
Ho-oh,Ho-Oh’s feathers glow in seven colors depending on the angle at which they are struck by light. These feathers are said to bring happiness to the bearers. This Pokémon is said to live at the foot of a rainbow.
Lugia,"Lugia’s wings pack devastating power—a light fluttering of its wings can blow apart regular houses. As a result, this Pokémon chooses to live out of sight deep under the sea."
Tyranitar,"Tyranitar is so overwhelmingly powerful, it can bring down a whole mountain to make its nest. This Pokémon wanders about in mountains seeking new opponents to fight."
Larvitar,"Larvitar is born deep under the ground. To come up to the surface, this Pokémon must eat its way through the soil above. Until it does so, Larvitar cannot see its parents."
Suicune,Suicune embodies the compassion of a pure spring of water. It runs across the land with gracefulness. This Pokémon has the power to purify dirty water.
Raikou,Raikou embodies the speed of lightning. The roars of this Pokémon send shock waves shuddering through the air and shake the ground as if lightning bolts had come crashing down.
Entei,Entei embodies the passion of magma. This Pokémon is thought to have been born in the eruption of a volcano. It sends up massive bursts of fire that utterly consume all that they touch.
Blissey,"Blissey senses sadness with its fluffy coat of fur. If it does so, this Pokémon will rush over to a sad person, no matter how far away, to share a Lucky Egg that brings a smile to any face."
Magby,"Magby’s state of health is determined by observing the fire it breathes. If the Pokémon is spouting yellow flames from its mouth, it is in good health. When it is fatigued, black smoke will be mixed in with the flames."
Elekid,"Elekid stores electricity in its body. If it touches metal and accidentally discharges all its built-up electricity, this Pokémon begins swinging its arms in circles to recharge itself."
Hitmontop,"Hitmontop spins on its head at high speed, all the while delivering kicks. This technique is a remarkable mix of both offense and defense at the same time. The Pokémon travels faster spinning than it does walking."
Tyrogue,"Tyrogue becomes stressed out if it does not get to train every day. When raising this Pokémon, the Trainer must establish and uphold various training methods."
Stantler,"Stantler’s magnificent antlers were traded at high prices as works of art. As a result, this Pokémon was hunted close to extinction by those who were after the priceless antlers."
Smeargle,"Smeargle marks the boundaries of its territory using a body fluid that leaks out from the tip of its tail. Over 5,000 different marks left by this Pokémon have been found."
Donphan,"If Donphan were to tackle with its hard body, even a house could be destroyed. Using its massive strength, the Pokémon helps clear rock and mud slides that block mountain trails."
Porygon2,Porygon2 was created by humans using the power of science. The man-made Pokémon has been endowed with artificial intelligence that enables it to learn new gestures and emotions on its own.
Phanpy,"Phanpy uses its long nose to shower itself. When others gather around, they thoroughly douse each other with water. These Pokémon can be seen drying their soaking-wet bodies at the edge of water."
Kingdra,"Kingdra sleeps on the seafloor where it is otherwise devoid of life. When a storm arrives, the Pokémon is said to awaken and wander about in search of prey."
Houndoom,"In a Houndoom pack, the one with its horns raked sharply toward the back serves a leadership role. These Pokémon choose their leader by fighting among themselves."
Houndour,Houndour hunt as a coordinated pack. They communicate with each other using a variety of cries to corner their prey. This Pokémon’s remarkable teamwork is unparalleled.
Mantine,"On sunny days, schools of Mantine can be seen elegantly leaping over the sea’s waves. This Pokémon is not bothered by the Remoraid that hitches rides."
Delibird,"Delibird carries its food bundled up in its tail. There once was a famous explorer who managed to reach the peak of the world’s highest mountain, thanks to one of these Pokémon sharing its food."
Remoraid,"Remoraid sucks in water, then expels it at high velocity using its abdominal muscles to shoot down flying prey. When evolution draws near, this Pokémon travels downstream from rivers."
Octillery,"Octillery grabs onto its foe using its tentacles. This Pokémon tries to immobilize it before delivering the finishing blow. If the foe turns out to be too strong, Octillery spews ink to escape."
Corsola,"Clusters of Corsola congregate in warm seas where they serve as ideal hiding places for smaller Pokémon. When the water temperature falls, this Pokémon migrates to the southern seas."
Piloswine,Piloswine is covered by a thick coat of long hair that enables it to endure the freezing cold. This Pokémon uses its tusks to dig up food that has been buried under ice.
Magcargo,"Magcargo’s body temperature is approximately 18,000 degrees Fahrenheit. Water is vaporized on contact. If this Pokémon is caught in the rain, the raindrops instantly turn into steam, cloaking the area in a thick fog."
Swinub,Swinub roots for food by rubbing its snout against the ground. Its favorite food is a mushroom that grows under the cover of dead grass. This Pokémon occasionally roots out hot springs.
Ursaring,"In the forests inhabited by Ursaring, it is said that there are many streams and towering trees where they gather food. This Pokémon walks through its forest gathering food every day."
Sneasel,Sneasel scales trees by punching its hooked claws into the bark. This Pokémon seeks out unguarded nests and steals eggs for food while the parents are away.
Teddiursa,This Pokémon likes to lick its palms that are sweetened by being soaked in honey. Teddiursa concocts its own honey by blending fruits and pollen collected by Beedrill.
Heracross,"Heracross has sharp claws on its feet. These are planted firmly into the ground or the bark of a tree, giving the Pokémon a secure and solid footing to forcefully fling away foes with its proud horn."
Scizor,Scizor has a body with the hardness of steel. It is not easily fazed by ordinary sorts of attacks. This Pokémon flaps its wings to regulate its body temperature.
Qwilfish,"Qwilfish sucks in water, inflating itself. This Pokémon uses the pressure of the water it swallowed to shoot toxic quills all at once from all over its body. It finds swimming somewhat challenging."
Granbull,"Granbull has a particularly well-developed lower jaw. The enormous fangs are heavy, causing the Pokémon to tip its head back for balance. Unless it is startled, it will not try to bite indiscriminately."
Snubbull,"By baring its fangs and making a scary face, Snubbull sends smaller Pokémon scurrying away in terror. However, this Pokémon seems a little sad at making its foes flee."
Gligar,"Gligar glides through the air without a sound as if it were sliding. This Pokémon hangs on to the face of its foe using its clawed hind legs and the large pincers on its forelegs, then injects the prey with its poison barb."
Steelix,Steelix lives even further underground than Onix. This Pokémon is known to dig toward the earth’s core. There are records of this Pokémon reaching a depth of over six-tenths of a mile underground.
Wobbuffet,"Wobbuffet does nothing but endure attacks—it won’t attack on its own. However, it won’t endure an attack on its tail. When that happens, the Pokémon will try to take the foe with it using Destiny Bond."
Unown,"This Pokémon is shaped like ancient writing. It is a mystery as to which came first, the ancient writings or the various Unown. Research into this topic is ongoing but nothing is known."
Misdreavus,"Misdreavus frightens people with a creepy, sobbing cry. The Pokémon apparently uses its red spheres to absorb the fearful feelings of foes and turn them into nutrition."
Murkrow,Murkrow was feared and loathed as the alleged bearer of ill fortune. This Pokémon shows strong interest in anything that sparkles or glitters. It will even try to steal rings from women.
Slowking,"Slowking undertakes research every day in an effort to solve the mysteries of the world. However, this Pokémon apparently forgets everything it has learned if the Shellder on its head comes off."
Espeon,Espeon is extremely loyal to any Trainer it considers to be worthy. It is said that this Pokémon developed its precognitive powers to protect its Trainer from harm.
Quagsire,"Quagsire hunts for food by leaving its mouth wide open in water and waiting for its prey to blunder in unaware. Because the Pokémon does not move, it does not get very hungry."
Yanma,Yanma is capable of seeing 360 degrees without having to move its eyes. It is a great flier that is adept at making sudden stops and turning midair. This Pokémon uses its flying ability to quickly chase down targeted prey.
Aipom,"Aipom’s tail ends in a hand-like appendage that can be cleverly manipulated. However, because the Pokémon uses its tail so much, its real hands have become rather clumsy."
Jumpluff,Jumpluff rides warm southern winds to cross the sea and fly to foreign lands. The Pokémon descends to the ground when it encounters cold air while it is floating.
Hoppip,"This Pokémon drifts and floats with the wind. If it senses the approach of strong winds, Hoppip links its leaves with other Hoppip to prepare against being blown away."
Skiploom,"Skiploom’s flower blossoms when the temperature rises above 64 degrees Fahrenheit. How much the flower opens depends on the temperature. For that reason, this Pokémon is sometimes used as a thermometer."
Politoed,"The curled hair on Politoed’s head is proof of its status as a king. It is said that the longer and more curled the hair, the more respect this Pokémon earns from its peers."
Sudowoodo,"Sudowoodo camouflages itself as a tree to avoid being attacked by enemies. However, because its hands remain green throughout the year, the Pokémon is easily identified as a fake during the winter."
Marill,"When fishing for food at the edge of a fast-running stream, Marill wraps its tail around the trunk of a tree. This Pokémon’s tail is flexible and configured to stretch."
Azumarill,Azumarill can make balloons out of air. It makes these air balloons if it spots a drowning Pokémon. The air balloons enable the Pokémon in trouble to breathe.
Bellossom,"A Bellossom grows flowers more beautifully if it has evolved from a smelly Gloom—the more stinky the better. At night, this Pokémon closes its petals and goes to sleep."
Ampharos,Ampharos gives off so much light that it can be seen even from space. People in the old days used the light of this Pokémon to send signals back and forth with others far away.
Xatu,Xatu is known to stand motionless while staring at the sun all day long. Some people revere it as a mystical Pokémon out of their belief that Xatu is in possession of the power to see into the future.
Natu,Natu has a highly developed jumping ability. The Pokémon flaps and leaps onto tree branches that are taller than grown-up people to pick at the tree’s new shoots.
Togepi,"As its energy, Togepi uses the positive emotions of compassion and pleasure exuded by people and Pokémon. This Pokémon stores up feelings of happiness inside its shell, then shares them with others."
Togetic,"Togetic is said to be a Pokémon that brings good fortune. When the Pokémon spots someone who is pure of heart, it is said to appear and share its happiness with that person."
Pichu,"When Pichu plays with others, it may short out electricity with another Pichu, creating a shower of sparks. In that event, this Pokémon will begin crying, startled by the flash of sparks."
Cleffa,"On nights with many shooting stars, Cleffa can be seen dancing in a ring. They dance through the night and stop only at the break of day, when these Pokémon quench their thirst with the morning dew."
Lanturn,"Lanturn is known to emit light. If you peer down into the dark sea from a ship at night, you can sometimes see this Pokémon’s light rising from the depths where it swims. It gives the sea an appearance of a starlit night."
Chinchou,"Chinchou’s two antennas are filled with cells that generate strong electricity. This Pokémon’s cells create so much electrical power, it even makes itself tingle slightly."
Crobat,Crobat sneaks up on its intended prey using wings that barely make a sound. This Pokémon rests by hanging on a tree branch with its rear legs that serve as wings.
Spinarak,The web spun by Spinarak can be considered its second nervous system. It is said that this Pokémon can determine what kind of prey is touching its web just by the tiny vibrations it feels through the web’s strands.
Ariados,Ariados’s feet are tipped with tiny hooked claws that enable it to scuttle on ceilings and vertical walls. This Pokémon constricts the foe with thin and strong silk webbing.
Ledian,"It is said that in lands with clean air, where the stars fill the sky, there live Ledian in countless numbers. There is a good reason for this—the Pokémon uses the light of the stars as its energy."
Ledyba,Ledyba secretes an aromatic fluid from where its legs join its body. This fluid is used for communicating with others. This Pokémon conveys its feelings to others by altering the fluid’s scent.
Hoothoot,"Hoothoot has an internal organ that senses and tracks the earth’s rotation. Using this special organ, this Pokémon begins hooting at precisely the same time every day."
Noctowl,"Noctowl never fails at catching prey in darkness. This Pokémon owes its success to its superior vision that allows it to see in minimal light, and to its soft, supple wings that make no sound in flight."
Furret,"Furret has a very slim build. When under attack, it can slickly squirm through narrow spaces and get away. In spite of its short limbs, this Pokémon is very nimble and fleet."
Sentret,"When Sentret sleeps, it does so while another stands guard. The sentry wakes the others at the first sign of danger. When this Pokémon becomes separated from its pack, it becomes incapable of sleep due to fear."
Typhlosion,Typhlosion obscures itself behind a shimmering heat haze that it creates using its intensely hot flames. This Pokémon creates blazing explosive blasts that burn everything to cinders.
Totodile,"Despite the smallness of its body, Totodile’s jaws are very powerful. While the Pokémon may think it is just playfully nipping, its bite has enough power to cause serious injury."
Quilava,Quilava keeps its foes at bay with the intensity of its flames and gusts of superheated air. This Pokémon applies its outstanding nimbleness to dodge attacks even while scorching the foe with flames.
Cyndaquil,"Cyndaquil protects itself by flaring up the flames on its back. The flames are vigorous if the Pokémon is angry. However, if it is tired, the flames splutter fitfully with incomplete combustion."
Meganium,"The fragrance of Meganium’s flower soothes and calms emotions. In battle, this Pokémon gives off more of its becalming scent to blunt the foe’s fighting spirit."
Chikorita,"In battle, Chikorita waves its leaf around to keep the foe at bay. However, a sweet fragrance also wafts from the leaf, becalming the battling Pokémon and creating a cozy, friendly atmosphere all around."
Mew,"Mew is said to possess the genetic composition of all Pokémon. It is capable of making itself invisible at will, so it entirely avoids notice even if it approaches people."
Dragonite,Dragonite is capable of circling the globe in just 16 hours. It is a kindhearted Pokémon that leads lost and foundering ships in a storm to the safety of land.
Mewtwo,"Mewtwo is a Pokémon that was created by genetic manipulation. However, even though the scientific power of humans created this Pokémon’s body, they failed to endow Mewtwo with a compassionate heart."
Moltres,"Moltres is a legendary bird Pokémon that has the ability to control fire. If this Pokémon is injured, it is said to dip its body in the molten magma of a volcano to burn and heal itself."
Articuno,"Articuno is a legendary bird Pokémon that can control ice. The flapping of its wings chills the air. As a result, it is said that when this Pokémon flies, snow will fall."
Zapdos,Zapdos is a legendary bird Pokémon that has the ability to control electricity. It usually lives in thunderclouds. The Pokémon gains power if it is stricken by lightning bolts.
Snorlax,Snorlax’s typical day consists of nothing more than eating and sleeping. It is such a docile Pokémon that there are children who use its expansive belly as a place to play.
Kabutops,Kabutops swam underwater to hunt for its prey in ancient times. The Pokémon was apparently evolving from being a water dweller to living on land as evident from the beginnings of change in its gills and legs.
Aerodactyl,Aerodactyl is a Pokémon from the age of dinosaurs. It was regenerated from genetic material extracted from amber. It is imagined to have been the king of the skies in ancient times.
Kabuto,"Kabuto is a Pokémon that has been regenerated from a fossil. However, in extremely rare cases, living examples have been discovered. The Pokémon has not changed at all for 300 million years."
Omanyte,"Omanyte is one of the ancient and long-since-extinct Pokémon that have been regenerated from fossils by people. If attacked by an enemy, it withdraws itself inside its hard shell."
Flareon,"Flareon’s fluffy fur has a functional purpose—it releases heat into the air so that its body does not get excessively hot. This Pokémon’s body temperature can rise to a maximum of 1,650 degrees Fahrenheit."
Porygon,Porygon is capable of reverting itself entirely back to program data and entering cyberspace. This Pokémon is copy protected so it cannot be duplicated by copying.
Jolteon,"Jolteon’s cells generate a low level of electricity. This power is amplified by the static electricity of its fur, enabling the Pokémon to drop thunderbolts. The bristling fur is made of electrically charged needles."
Eevee,Eevee has an unstable genetic makeup that suddenly mutates due to the environment in which it lives. Radiation from various stones causes this Pokémon to evolve.
Vaporeon,Vaporeon underwent a spontaneous mutation and grew fins and gills that allow it to live underwater. This Pokémon has the ability to freely control water.
Ditto,"Ditto rearranges its cell structure to transform itself into other shapes. However, if it tries to transform itself into something by relying on its memory, this Pokémon manages to get details wrong."
Lapras,"People have driven Lapras almost to the point of extinction. In the evenings, this Pokémon is said to sing plaintively as it seeks what few others of its kind still remain."
Gyarados,"Once Gyarados goes on a rampage, its ferociously violent blood doesn’t calm until it has burned everything down. There are records of this Pokémon’s rampages lasting a whole month."
Tauros,"This Pokémon is not satisfied unless it is rampaging at all times. If there is no opponent for Tauros to battle, it will charge at thick trees and knock them down to calm itself."
Magikarp,"Magikarp is virtually useless in battle as it can only splash around. As a result, it is considered to be weak. However, it is actually a very hardy Pokémon that can survive in any body of water no matter how polluted it is."
Magmar,"In battle, Magmar blows out intensely hot flames from all over its body to intimidate its opponent. This Pokémon’s fiery bursts create heat waves that ignite grass and trees in its surroundings."
Electabuzz,"When a storm arrives, gangs of this Pokémon compete with each other to scale heights that are likely to be stricken by lightning bolts. Some towns use Electabuzz in place of lightning rods."
Scyther,"Scyther is blindingly fast. Its blazing speed enhances the effectiveness of the twin scythes on its forearms. This Pokémon’s scythes are so effective, they can slice through thick logs in one wicked stroke."
Staryu,"Staryu apparently communicates with the stars in the night sky by flashing the red core at the center of its body. If parts of its body are torn, this Pokémon simply regenerates the missing pieces and limbs."
Starmie,Starmie swims through water by spinning its star-shaped body as if it were a propeller on a ship. The core at the center of this Pokémon’s body glows in seven colors.
Seaking,Seaking is very protective of its eggs. The male and female will take turns patrolling around their nest and eggs. The guarding of eggs by these Pokémon goes on for over a month.
Seadra,"Seadra generates whirlpools by spinning its body. The whirlpools are strong enough to swallow even fishing boats. This Pokémon weakens prey with these currents, then swallows it whole."
Goldeen,"Goldeen loves swimming wild and free in rivers and ponds. If one of these Pokémon is placed in an aquarium, it will shatter even the thickest glass with one ram of its horn and make its escape."
Kangaskhan,"If you come across a young Kangaskhan playing by itself, you must never disturb it or attempt to catch it. The baby Pokémon’s parent is sure to be in the area, and it will become violently enraged at you."
Horsea,"If Horsea senses danger, it will reflexively spray a dense black ink from its mouth and try to escape. This Pokémon swims by cleverly flapping the fin on its back."
Rhydon,"Rhydon has a horn that serves as a drill. It is used for destroying rocks and boulders. This Pokémon occasionally rams into streams of magma, but the armor-like hide prevents it from feeling the heat."
Weezing,"Weezing alternately shrinks and inflates its twin bodies to mix together toxic gases inside. The more the gases are mixed, the more powerful the toxins become. The Pokémon also becomes more putrid."
Koffing,"Koffing embodies toxic substances. It mixes the toxins with raw garbage to set off a chemical reaction that results in a terribly powerful poison gas. The higher the temperature, the more gas is concocted by this Pokémon."
Hitmonchan,Hitmonchan is said to possess the spirit of a boxer who had been working toward a world championship. This Pokémon has an indomitable spirit and will never give up in the face of adversity.
Marowak,Marowak is the evolved form of a Cubone that has overcome its sadness at the loss of its mother and grown tough. This Pokémon’s tempered and hardened spirit is not easily broken.
Cubone,"Cubone pines for the mother it will never see again. Seeing a likeness of its mother in the full moon, it cries. The stains on the skull the Pokémon wears are made by the tears it sheds."
Exeggcute,"This Pokémon consists of six eggs that form a closely knit cluster. The six eggs attract each other and spin around. When cracks increasingly appear on the eggs, Exeggcute is close to evolution."
Electrode,One of Electrode’s characteristics is its attraction to electricity. It is a problematical Pokémon that congregates mostly at electrical power plants to feed on electricity that has just been generated.
Kingler,"Kingler has an enormous, oversized claw. It waves this huge claw in the air to communicate with others. However, because the claw is so heavy, the Pokémon quickly tires."
Hypno,"Hypno holds a pendulum in its hand. The arcing movement and glitter of the pendulum lull the foe into a deep state of hypnosis. While this Pokémon searches for prey, it polishes the pendulum."
Krabby,"Krabby live on beaches, burrowed inside holes dug into the sand. On sandy beaches with little in the way of food, these Pokémon can be seen squabbling with each other over territory."
Drowzee,"If your nose becomes itchy while you are sleeping, it’s a sure sign that one of these Pokémon is standing above your pillow and trying to eat your dream through your nostrils."
Onix,"Onix has a magnet in its brain. It acts as a compass so that this Pokémon does not lose direction while it is tunneling. As it grows older, its body becomes increasingly rounder and smoother."
Haunter,"Haunter is a dangerous Pokémon. If one beckons you while floating in darkness, you must never approach it. This Pokémon will try to lick you with its tongue and steal your life away."
Gastly,"Gastly is largely composed of gaseous matter. When exposed to a strong wind, the gaseous body quickly dwindles away. Groups of this Pokémon cluster under the eaves of houses to escape the ravages of wind."
Cloyster,"Cloyster is capable of swimming in the sea. It does so by swallowing water, then jetting it out toward the rear. This Pokémon shoots spikes from its shell using the same system."
Shellder,"At night, this Pokémon uses its broad tongue to burrow a hole in the seafloor sand and then sleep in it. While it is sleeping, Shellder closes its shell, but leaves its tongue hanging out."
Muk,"This Pokémon’s favorite food is anything that is repugnantly filthy. In dirty towns where people think nothing of throwing away litter on the streets, Muk are certain to gather."
Dewgong,Dewgong loves to snooze on bitterly cold ice. The sight of this Pokémon sleeping on a glacier was mistakenly thought to be a mermaid by a mariner long ago.
Grimer,Grimer emerged from the sludge that settled on a polluted seabed. This Pokémon loves anything filthy. It constantly leaks a horribly germ-infested fluid from all over its body.
Doduo,"Doduo’s two heads contain completely identical brains. A scientific study reported that on rare occasions, there will be examples of this Pokémon possessing different sets of brains."
Magneton,"Magneton emits a powerful magnetic force that is fatal to electronics and precision instruments. Because of this, it is said that some towns warn people to keep this Pokémon inside a Poké Ball."
Farfetchd,"Farfetch’d is always seen with a stalk from a plant of some sort. Apparently, there are good stalks and bad stalks. This Pokémon has been known to fight with others over stalks."
Magnemite,Magnemite floats in the air by emitting electromagnetic waves from the units at its sides. These waves block gravity. This Pokémon becomes incapable of flight if its internal electrical supply is depleted.
Rapidash,"Rapidash usually can be seen casually cantering in the fields and plains. However, when this Pokémon turns serious, its fiery manes flare and blaze as it gallops its way up to 150 mph."
Slowpoke,"Slowpoke uses its tail to catch prey by dipping it in water at the side of a river. However, this Pokémon often forgets what it’s doing and often spends entire days just loafing at water’s edge."
Ponyta,Ponyta is very weak at birth. It can barely stand up. This Pokémon becomes stronger by stumbling and falling to keep up with its parent.
Golem,"Golem is known for rolling down from mountains. To prevent them from rolling into the homes of people downhill, grooves have been dug into the sides of mountains to serve as guideways for diverting this Pokémon’s course."
Graveler,"Rocks are Graveler’s favorite food. This Pokémon will climb a mountain from the base to the summit, crunchingly feasting on rocks all the while. Upon reaching the peak, it rolls back down to the bottom."
Geodude,"When Geodude sleeps deeply, it buries itself halfway into the ground. It will not awaken even if hikers step on it unwittingly. In the morning, this Pokémon rolls downhill in search of food."
Tentacool,Tentacool absorbs sunlight and refracts it using water inside its body to convert it into beam energy. This Pokémon shoots beams from the small round organ above its eyes.
Victreebel,"Victreebel has a long vine that extends from its head. This vine is waved and flicked about as if it were an animal to attract prey. When an unsuspecting prey draws near, this Pokémon swallows it whole."
Weepinbell,"Weepinbell has a large hook on its rear end. At night, the Pokémon hooks on to a tree branch and goes to sleep. If it moves around in its sleep, it may wake up to find itself on the ground."
Bellsprout,"Bellsprout’s thin and flexible body lets it bend and sway to avoid any attack, however strong it may be. From its mouth, this Pokémon spits a corrosive fluid that melts even iron."
Machamp,"Machamp is known as the Pokémon that has mastered every kind of martial arts. If it grabs hold of the foe with its four arms, the battle is all but over. The hapless foe is thrown far over the horizon."
Machoke,"Machoke undertakes bodybuilding every day even as it helps people with tough, physically demanding labor. On its days off, this Pokémon heads to the fields and mountains to exercise and train."
Alakazam,"Alakazam’s brain continually grows, infinitely multiplying brain cells. This amazing brain gives this Pokémon an astoundingly high IQ of 5,000. It has a thorough memory of everything that has occurred in the world."
Kadabra,"Kadabra holds a silver spoon in its hand. The spoon is used to amplify the alpha waves in its brain. Without the spoon, the Pokémon is said to be limited to half the usual amount of its telekinetic powers."
Abra,"Abra needs to sleep for eighteen hours a day. If it doesn’t, this Pokémon loses its ability to use telekinetic powers. If it is attacked, Abra escapes using Teleport while it is still sleeping."
Poliwrath,"Poliwrath’s highly developed, brawny muscles never grow fatigued, however much it exercises. It is so tirelessly strong, this Pokémon can swim back and forth across the ocean without effort."
Poliwag,"Poliwag has a very thin skin. It is possible to see the Pokémon’s spiral innards right through the skin. Despite its thinness, however, the skin is also very flexible. Even sharp fangs bounce right off it."
Arcanine,"Arcanine is known for its high speed. It is said to be capable of running over 6,200 miles in a single day and night. The fire that blazes wildly within this Pokémon’s body is its source of power."
Growlithe,"Growlithe has a superb sense of smell. Once it smells anything, this Pokémon won’t forget the scent, no matter what. It uses its advanced olfactory sense to determine the emotions of other living things."
Golduck,"Golduck is the fastest swimmer among all Pokémon. It swims effortlessly, even in a rough, stormy sea. It sometimes rescues people from wrecked ships floundering in high seas."
Meowth,"Meowth withdraws its sharp claws into its paws to slinkily sneak about without making any incriminating footsteps. For some reason, this Pokémon loves shiny coins that glitter with light."
Persian,Persian has six bold whiskers that give it a look of toughness. The whiskers sense air movements to determine what is in the Pokémon’s surrounding vicinity. It becomes docile if grabbed by the whiskers.
Diglett,"Diglett are raised in most farms. The reason is simple— wherever this Pokémon burrows, the soil is left perfectly tilled for planting crops. This soil is made ideal for growing delicious vegetables."
Venomoth,"Venomoth is nocturnal—it is a Pokémon that only becomes active at night. Its favorite prey are small insects that gather around streetlights, attracted by the light in the darkness."
Paras,Paras has parasitic mushrooms growing on its back called tochukaso. They grow large by drawing nutrients from this Bug Pokémon host. They are highly valued as a medicine for extending life.
Vileplume,"Vileplume has the world’s largest petals. They are used to attract prey that are then doused with toxic spores. Once the prey are immobilized, this Pokémon catches and devours them."
Oddish,"Oddish searches for fertile, nutrient-rich soil, then plants itself. During the daytime, while it is planted, this Pokémon’s feet are thought to change shape and become similar to the roots of trees."
Golbat,"Golbat bites down on prey with its four fangs and drinks the victim’s blood. It becomes active on inky dark moonless nights, flying around to attack people and Pokémon."
Wigglytuff,"Wigglytuff’s body is very flexible. By inhaling deeply, this Pokémon can inflate itself seemingly without end. Once inflated, Wigglytuff bounces along lightly like a balloon."
Jigglypuff,"When this Pokémon sings, it never pauses to breathe. If it is in a battle against an opponent that does not easily fall asleep, Jigglypuff cannot breathe, endangering its life."
Ninetales,Legend has it that Ninetales came into being when nine wizards possessing sacred powers merged into one. This Pokémon is highly intelligent—it can understand human speech.
Vulpix,"Inside Vulpix’s body burns a flame that never goes out. During the daytime, when the temperatures rise, this Pokémon releases flames from its mouth to prevent its body from growing too hot."
Clefairy,"On every night of a full moon, groups of this Pokémon come out to play. When dawn arrives, the tired Clefairy return to their quiet mountain retreats and go to sleep nestled up against each other."
Nidoking,"Nidoking’s thick tail packs enormously destructive power. With one swing, it can topple a metal transmission tower. Once this Pokémon goes on a rampage, there is no stopping it."
